{"options":{"check_for_updates":true,"comment":null,"compatopts_for_requires":true,"compat_wrappedjsobject":false,"compat_metadata":false,"compat_foreach":false,"compat_prototypes":false,"compat_powerful_this":null,"noframes":null,"unwrap":null,"run_at":null,"tab_types":null,"override":{"use_includes":[],"orig_includes":["*/item.taobao.com/*","*://chaoshi.tmall.com/*","*://chaoshi.detail.tmall.com/*","*://detail.tmall.com/*","*://detail.tmall.hk/*","*://buy.tmall.com/order/*","*://buy.taobao.com/*","*://cart.tmall.com/*","*://cart.taobao.com/*","*://s.click.taobao.com*","*://buy.tmall.com/order/confirmOrderWap.htm*","*://buy.taobao.com/auction/order/confirm_order.htm*","*://buy.tmall.com/auction/order/confirm_order.htm*","*://buy.tmall.hk/order/confirm_order.htm*","*://buy.liangxinyao.com/order/confirm_order.htm*","*://detail.liangxinyao.com/*","https://cart.jd.com/*","*/item.jd.com/*","*//item.jd.hk/*","*//i-item.jd.com/*","*//npcitem.jd.hk/*","https://trade.jd.com/shopping/order/*","https://trade.jd.hk/shopping/order/*","https://plogin.m.jd.com*","https://m.jd.com/*","https://wqdeal.jd.com*","https://wqs.jd.com*","https://wq.jd.com/*","https://marathon.jd.com*","https://union-click.jd.com*","https://item.yiyaojd.com/*","*/product.suning.com/*","https://shopping.suning.com/cart.do*","https://shopping.suning.com/order.do*","https://shopping.hksuning.com*","https://product.hksuning.com*","https://detail.meizu.com/item*","https://ordercenter.meizu.com/order/*","https://*.lenovo.com.cn/product/*","https://buy.lenovo.com.cn/checkout/*","https://www.asus.com.cn/store/product*","https://www.asus.com.cn/store/checkout/*","https://detail.vip.com/*","https://www.vipglobal.hk/*","https://cart.vip.com/*","https://checkout.vip.com/*","https://www.nike.com/*","https://www.nike.com/cn/t/*","https://www.nike.com/cn/zh-Hans/cart*","https://www.nike.com/cn/checkout*","https://www.vmall.com/product/*","https://www.vmall.com/order/nowConfirmcart*","https://www.vmall.com/cart2*","https://m.vmall.com/order/confirm*","https://buy.vmall.com/submit_order.html*","https://www.fliggy.com/*","https://www.xiaomiyoupin.com/detail*","https://trade.xiaomiyoupin.com/tr/checkout*","*you.163.com/item/detail*","*www.adidas.com.cn/item*","*/item.gome.com.cn/*","*//goods.kaola.com*","*//buy.kaola.com*/order/confirm.html*","https://www.gwdang.com/trend*"],"merge_includes":true,"use_matches":[],"orig_matches":[],"merge_matches":true,"use_excludes":[],"orig_excludes":[],"merge_excludes":true,"use_connects":[],"orig_connects":["gwdang.com","ubja.vip","alicdn.com","api.m.taobao.com","jd.com","quan.suning.com","sapi.k780.com","tp.hd.mi.com","buy.vmall.com","sale.vmall.com","pinduoduo.com"],"merge_connects":true,"use_blockers":[],"orig_run_at":"document-idle","orig_noframes":null}},"settings":{"enabled":false,"position":19},"meta":{"name":"淘宝、天猫、聚划算、京东、苏宁、唯品会、华为、耐克、魅族、联想、华硕、小米有品、考拉抢购助手v2","uuid":"6d53e3db-3ad5-4b39-8d16-4e226cdc0da7","modified":1659364174217,"file_url":"https://greasyfork.org/scripts/393577-%E6%B7%98%E5%AE%9D-%E5%A4%A9%E7%8C%AB-%E8%81%9A%E5%88%92%E7%AE%97-%E4%BA%AC%E4%B8%9C-%E8%8B%8F%E5%AE%81-%E5%94%AF%E5%93%81%E4%BC%9A-%E5%8D%8E%E4%B8%BA-%E8%80%90%E5%85%8B-%E9%AD%85%E6%97%8F-%E8%81%94%E6%83%B3-%E5%8D%8E%E7%A1%95-%E5%B0%8F%E7%B1%B3%E6%9C%89%E5%93%81%E6%8A%A2%E8%B4%AD%E5%8A%A9%E6%89%8Bv2/code/%E6%B7%98%E5%AE%9D%E3%80%81%E5%A4%A9%E7%8C%AB%E3%80%81%E8%81%9A%E5%88%92%E7%AE%97%E3%80%81%E4%BA%AC%E4%B8%9C%E3%80%81%E8%8B%8F%E5%AE%81%E3%80%81%E5%94%AF%E5%93%81%E4%BC%9A%E3%80%81%E5%8D%8E%E4%B8%BA%E3%80%81%E8%80%90%E5%85%8B%E3%80%81%E9%AD%85%E6%97%8F%E3%80%81%E8%81%94%E6%83%B3%E3%80%81%E5%8D%8E%E7%A1%95%E3%80%81%E5%B0%8F%E7%B1%B3%E6%9C%89%E5%93%81%E6%8A%A2%E8%B4%AD%E5%8A%A9%E6%89%8Bv2.user.js"}}