{"ts":1659173833757,"data":{"CatPW_Manage":"o{\"StorageSave\": true,\"UpdataConfig\": {\"UpdataSave\": true,\"UpdataNotify\": true,\"UpdataPlugin\": true,\"UpdataVersion\": \"3.23.35.2\"},\"StorageExp\": 365}","CatPW":"o{\"date\": \"2022/7/30\",\"sCode\": \"\",\"unPW\": \"\",\"Src\": \"https://mefcl.lanzouw.com/b011mp2kh\",\"surl\": \"\",\"Hash\": \"#bvkt\",\"webSrc\": \"https%3A%2F%2Fwww.mefcl.com%2Fshandou%2F3113\",\"webTitle\": \"%E9%97%AA%E8%B1%86%E5%A4%9A%E5%B9%B3%E5%8F%B0%E8%A7%86%E9%A2%91%E6%89%B9%E9%87%8F%E4%B8%8B%E8%BD%BD%E5%99%A8\"}"}}