{"options":{"check_for_updates":true,"comment":null,"compatopts_for_requires":true,"compat_wrappedjsobject":false,"compat_metadata":false,"compat_foreach":false,"compat_powerful_this":null,"sandbox":null,"noframes":null,"unwrap":null,"run_at":null,"tab_types":null,"override":{"use_includes":[],"orig_includes":[],"merge_includes":true,"use_matches":[],"orig_matches":["*://*.google.com/*","*://*.baidu.com/*","*://*.bing.com/*"],"merge_matches":true,"use_excludes":[],"orig_excludes":[],"merge_excludes":true,"use_connects":[],"orig_connects":[],"merge_connects":true,"use_blockers":[],"orig_run_at":"document-idle","orig_noframes":null}},"settings":{"enabled":true,"position":11},"meta":{"name":"Baidu Google Bing URL Shorten","uuid":"3d5175e8-48bd-4698-ae5c-9941acf5b06e","modified":1679184087444,"file_url":"https://greasyfork.org/scripts/443491-baidu-google-bing-url-shorten/code/Baidu%20Google%20Bing%20URL%20Shorten.user.js"}}