{"options":{"check_for_updates":true,"comment":null,"compatopts_for_requires":true,"compat_wrappedjsobject":false,"compat_metadata":false,"compat_foreach":false,"compat_powerful_this":null,"sandbox":null,"noframes":null,"unwrap":null,"run_at":null,"tab_types":null,"override":{"use_includes":[],"orig_includes":[],"merge_includes":true,"use_matches":[],"orig_matches":["https://www.bilibili.com/","https://www.bilibili.com/?spm_id_from=*"],"merge_matches":true,"use_excludes":[],"orig_excludes":[],"merge_excludes":true,"use_connects":["bilibili.com"],"orig_connects":[],"merge_connects":true,"use_blockers":[],"orig_run_at":"document-idle","orig_noframes":null}},"settings":{"enabled":true,"position":19},"meta":{"name":"b站首页推荐纯享版","uuid":"f111999d-cf37-4698-a9a1-e394e3face7a","modified":1681908084517,"file_url":"https://greasyfork.org/scripts/436341-b%E7%AB%99%E9%A6%96%E9%A1%B5%E6%8E%A8%E8%8D%90%E7%BA%AF%E4%BA%AB%E7%89%88/code/b%E7%AB%99%E9%A6%96%E9%A1%B5%E6%8E%A8%E8%8D%90%E7%BA%AF%E4%BA%AB%E7%89%88.user.js"}}