{"options":{"check_for_updates":false,"comment":"","compatopts_for_requires":true,"compat_wrappedjsobject":false,"compat_metadata":false,"compat_foreach":false,"compat_powerful_this":null,"sandbox":null,"noframes":null,"unwrap":null,"run_at":null,"tab_types":null,"override":{"use_includes":[],"orig_includes":[],"merge_includes":true,"use_matches":[],"orig_matches":["https://github.com/*","https://gist.github.com/*"],"merge_matches":true,"use_excludes":[],"orig_excludes":[],"merge_excludes":true,"use_connects":[],"orig_connects":["www.githubs.cn"],"merge_connects":true,"use_blockers":[],"orig_run_at":"document-end","orig_noframes":null}},"settings":{"enabled":true,"position":30},"meta":{"name":"GitHub 中文化插件","uuid":"be12f65b-21ce-48cf-ade9-d8f4e36e3914","modified":1666880443734,"file_url":"https://greasyfork.org/scripts/435208-github-%E4%B8%AD%E6%96%87%E5%8C%96%E6%8F%92%E4%BB%B6/code/GitHub%20%E4%B8%AD%E6%96%87%E5%8C%96%E6%8F%92%E4%BB%B6.user.js"}}