{"options":{"check_for_updates":true,"comment":null,"compatopts_for_requires":true,"compat_wrappedjsobject":false,"compat_metadata":false,"compat_foreach":false,"compat_powerful_this":null,"sandbox":null,"noframes":null,"unwrap":null,"run_at":null,"tab_types":null,"override":{"use_includes":[],"orig_includes":["*"],"merge_includes":true,"use_matches":[],"orig_matches":["*","https://www.bilibili.com/","https://588ku.com/"],"merge_matches":true,"use_excludes":[],"orig_excludes":[],"merge_excludes":true,"use_connects":[],"orig_connects":["*"],"merge_connects":true,"use_blockers":[],"orig_run_at":"document-end","orig_noframes":null}},"settings":{"enabled":false,"position":8},"meta":{"name":"Image Downloader","uuid":"2f633de9-9716-46c3-8feb-653ffb8095f2","modified":1675956708779,"file_url":"https://greasyfork.org/scripts/419894-image-downloader/code/Image%20Downloader.user.js"}}