{"options":{"check_for_updates":false,"comment":null,"compatopts_for_requires":true,"compat_wrappedjsobject":false,"compat_metadata":false,"compat_foreach":false,"compat_prototypes":false,"compat_powerful_this":null,"noframes":null,"unwrap":null,"run_at":null,"tab_types":null,"override":{"use_includes":[],"orig_includes":["*"],"merge_includes":true,"use_matches":[],"orig_matches":["*","https://www.bilibili.com/","https://588ku.com/"],"merge_matches":true,"use_excludes":[],"orig_excludes":[],"merge_excludes":true,"use_connects":[],"orig_connects":["*"],"merge_connects":true,"use_blockers":[],"orig_run_at":"document-end","orig_noframes":null}},"settings":{"enabled":false,"position":10},"meta":{"name":"Image Downloader","uuid":"d7fa9a8e-fa24-4f3b-9594-ac5d9ab59ea6","modified":1659491216618,"file_url":"https://greasyfork.org/scripts/419894-image-downloader/code/Image%20Downloader.user.js"}}