{"options":{"check_for_updates":true,"comment":null,"compatopts_for_requires":true,"compat_wrappedjsobject":false,"compat_metadata":false,"compat_foreach":false,"compat_powerful_this":null,"sandbox":null,"noframes":null,"unwrap":null,"run_at":null,"tab_types":null,"override":{"use_includes":[],"orig_includes":["/^https?:\\/\\/www\\.google\\..{2,7}url/"],"merge_includes":true,"use_matches":[],"orig_matches":["*://www.jianshu.com/go-wild*","*://link.zhihu.com/*","*://t.cn/*","*://weibo.cn/sinaurl*","*://mail.qq.com/cgi-bin/*","*://c.pc.qq.com/middlem.html*","*://app.yinxiang.com/OutboundRedirect.action*","*://jump.bdimg.com/safecheck/*","*://jump2.bdimg.com/safecheck/*","*://link.csdn.net/*","*://www.youtube.com/redirect*","*://weixin110.qq.com/cgi-bin/mmspamsupport-bin/newredirectconfirmcgi*","*://developers.weixin.qq.com/community/middlepage/href*","*://www.itdaan.com/link/*","*://www.douban.com/link2/*","*://www.360doc.com/content/*","*://www.pixiv.net/jump.php*","*://m.sogou.com/*/tc*","*://m.sogou.com*/tc*","*://www.chinaz.com/go.shtml*","*://www.oschina.net/action/GoToLink*","*://link.juejin.cn/*","*://docs.qq.com/scenario/link.html*","*://www.pc6.com/goread.html*","*://afdian.net/link*","*://gitee.com/link*","*://www.tianyancha.com/security*","*://aiqicha.baidu.com/safetip*","*://www.qcc.com/web/transfer-link*","*://link.uisdc.com/*","*://blog.51cto.com/transfer*","*://leetcode.cn/link*","*://huaban.com/go*","*://security.feishu.cn/link/safety*","*://redirect.epicgames.com/*","*://steamcommunity.com/linkfilter/*","*://www.yuque.com/r/goto*"],"merge_matches":true,"use_excludes":[],"orig_excludes":[],"merge_excludes":true,"use_connects":[],"orig_connects":[],"merge_connects":true,"use_blockers":[],"orig_run_at":"document-start","orig_noframes":null}},"settings":{"enabled":true,"position":31},"meta":{"name":"redirect 外链跳转","uuid":"e06721e6-c6a1-4127-9bac-5792f8bd055e","modified":1666969101305,"file_url":"https://greasyfork.org/scripts/416338-redirect-%E5%A4%96%E9%93%BE%E8%B7%B3%E8%BD%AC/code/redirect%20%E5%A4%96%E9%93%BE%E8%B7%B3%E8%BD%AC.user.js"}}