{"options":{"check_for_updates":true,"comment":null,"compatopts_for_requires":true,"compat_wrappedjsobject":false,"compat_metadata":false,"compat_foreach":false,"compat_powerful_this":null,"sandbox":null,"noframes":null,"unwrap":null,"run_at":null,"tab_types":null,"override":{"use_includes":[],"orig_includes":[],"merge_includes":true,"use_matches":[],"orig_matches":["http://*/*","https://*/*"],"merge_matches":true,"use_excludes":[],"orig_excludes":[],"merge_excludes":true,"use_connects":[],"orig_connects":["rssplus.vercel.app"],"merge_connects":true,"use_blockers":[],"orig_run_at":"document-idle","orig_noframes":true}},"settings":{"enabled":false,"position":9},"meta":{"name":"RSS+ : Show Site All RSS","uuid":"9057d534-4fb5-432f-96ff-095da46638aa","modified":1666876390022,"file_url":"https://greasyfork.org/scripts/373252-rss-show-site-all-rss/code/RSS+%20:%20Show%20Site%20All%20RSS.user.js"}}