{"action_menu_columns":"1","action_menu_scripts_hide_disabled":false,"action_menu_scripts_sort":"auto","appearance_badge_color":"#ee3131","appearance_badges":"off","autoReload":true,"configMode":100,"script_blacklist_server":[{"severity":2,"rules":["/https?:\\/\\/userscripts\\.org\\/scripts\\/(source|version)/(102614).*\\.user\\.js/"]},{"name":"SaveFrom.net helper","severity":3,"rules":["/https?:\\/\\/sf-addon\\.com\\/.*\\/.*\\.user\\.js/","/https?:\\/\\/.*\\.sf-helper\\.com\\/.*\\.user\\.js/"],"reason":"Shows advertisements"},{"severity":8,"reasons":{"en":"Used for a phishing compain to compromise users of baon-nutrition.com"},"rules":["/https?:\\/\\/files\\.ulysse\\.travel\\/.*\\.user\\.js/"]},{"name":"Local YouTube Downloader","severity":8,"reasons":{"en":"Shows a disturbing alert message at every page with a youtube frame or iframe"},"rules":["/https?:\\/\\/greasyfork\\.org\\/scripts\\/369400-.*\\.user\\.js.*/"]}],"scriptUpdateCheckDisabled":false}