{"options":{"check_for_updates":false,"comment":"","compatopts_for_requires":true,"compat_wrappedjsobject":false,"compat_metadata":false,"compat_foreach":false,"compat_powerful_this":null,"sandbox":null,"noframes":null,"unwrap":null,"run_at":null,"tab_types":null,"override":{"use_includes":[],"orig_includes":[],"merge_includes":true,"use_matches":["https://www.twitch.tv/drops/inventory/*"],"orig_matches":["https://www.twitch.tv/drops/inventory*"],"merge_matches":true,"use_excludes":[],"orig_excludes":[],"merge_excludes":true,"use_connects":[],"orig_connects":[],"merge_connects":true,"use_blockers":[],"orig_run_at":"document-end","orig_noframes":null}},"settings":{"enabled":false,"position":25},"meta":{"name":"Twitch掉宝自动领取/全自动领取/Twitch全自动掉宝/SUZIE/长期可用/有问题及时反馈！","uuid":"b266b7ea-8ef8-4687-8364-dfcf03006286","modified":1670607087953,"file_url":"https://greasyfork.org/scripts/446594-twitch%E6%8E%89%E5%AE%9D%E8%87%AA%E5%8A%A8%E9%A2%86%E5%8F%96-%E5%85%A8%E8%87%AA%E5%8A%A8%E9%A2%86%E5%8F%96-twitch%E5%85%A8%E8%87%AA%E5%8A%A8%E6%8E%89%E5%AE%9D-suzie-%E9%95%BF%E6%9C%9F%E5%8F%AF%E7%94%A8-%E6%9C%89%E9%97%AE%E9%A2%98%E5%8F%8A%E6%97%B6%E5%8F%8D%E9%A6%88/code/Twitch%E6%8E%89%E5%AE%9D%E8%87%AA%E5%8A%A8%E9%A2%86%E5%8F%96%E5%85%A8%E8%87%AA%E5%8A%A8%E9%A2%86%E5%8F%96Twitch%E5%85%A8%E8%87%AA%E5%8A%A8%E6%8E%89%E5%AE%9DSUZIE%E9%95%BF%E6%9C%9F%E5%8F%AF%E7%94%A8%E6%9C%89%E9%97%AE%E9%A2%98%E5%8F%8A%E6%97%B6%E5%8F%8D%E9%A6%88%EF%BC%81.user.js"}}