{"options":{"check_for_updates":true,"comment":null,"compatopts_for_requires":true,"compat_wrappedjsobject":false,"compat_metadata":false,"compat_foreach":false,"compat_powerful_this":null,"sandbox":null,"noframes":null,"unwrap":null,"run_at":null,"tab_types":null,"override":{"use_includes":[],"orig_includes":[],"merge_includes":true,"use_matches":[],"orig_matches":["https://theav101.com/*","https://theav.fun/*","https://theav09.fun/*","https://theav121.com/*","https://theav120.com/*","https://theav108.com/*","https://theav109.com/*"],"merge_matches":true,"use_excludes":[],"orig_excludes":[],"merge_excludes":true,"use_connects":[],"orig_connects":[],"merge_connects":true,"use_blockers":[],"orig_run_at":"document-idle","orig_noframes":null}},"settings":{"enabled":false,"position":26},"meta":{"name":"亚洲审美车（极品比较多）","uuid":"edf0bf97-db86-48ba-89eb-fc5c740e7d00","modified":1680061279667,"file_url":"https://sleazyfork.org/scripts/455251-%E4%BA%9A%E6%B4%B2%E5%AE%A1%E7%BE%8E%E8%BD%A6-%E6%9E%81%E5%93%81%E6%AF%94%E8%BE%83%E5%A4%9A/code/%E4%BA%9A%E6%B4%B2%E5%AE%A1%E7%BE%8E%E8%BD%A6%EF%BC%88%E6%9E%81%E5%93%81%E6%AF%94%E8%BE%83%E5%A4%9A%EF%BC%89.user.js"}}