{"options":{"check_for_updates":true,"comment":null,"compatopts_for_requires":true,"compat_wrappedjsobject":false,"compat_metadata":false,"compat_foreach":false,"compat_powerful_this":null,"sandbox":null,"noframes":null,"unwrap":null,"run_at":null,"tab_types":null,"override":{"use_includes":[],"orig_includes":["/^https://www.hxcbb\\d+\\.com.+$/","/^https://h5.hxcbb\\d+\\.com.+$/","/^http://www.hxcbb\\d+\\.com.+$/","/^http://h5.hxcbb\\d+\\.com.+$/","/^https://www.hxcpp\\d+\\.com.+$/","/^https://h5.hxcpp\\d+\\.com.+$/","/^http://www.hxcpp\\d+\\.com.+$/","/^http://h5.hxcpp\\d+\\.com.+$/","/^https://www.fi11sm\\d+\\.com.+$/","/^https://h5.fi11sm\\d+\\.com.+$/","/^https://www.yashenggd.com.+$/","/^https://h5.yashenggd.com.+$/","/^https://www.fi11av\\d+\\.com.+$/","/^https:///h5.fi11av\\d+\\.com.+$/","/^https://www.fi11tv\\d+\\.com.+$/","/^https:///h5.fi11tv\\d+\\.com.+$/","/^https://www.hxx-new-retail\\d*\\.com.+$/","/^https:///h5.hxx-new-retail\\d*\\.com.+$/","/^https://www.jianguomuye\\d*\\.com.+$/","/^https:///h5.jianguomuye\\d*\\.com.+$/","/^https://www.laccogh\\d*\\.com.+$/","/^https:///h5.laccogh\\d*\\.com.+$/","/^https://www.pangrj\\d*\\.vip.+$/","/^https:///h5.pangrj\\d*\\.vip.+$/"],"merge_includes":true,"use_matches":["https://www.fi11sm282.com/home/*"],"orig_matches":["https://www.hxcbb101.com/*","https://h5.hxcbb101.com/*","https://fi11.com/*","https://fi11.cn/*"],"merge_matches":true,"use_excludes":[],"orig_excludes":[],"merge_excludes":true,"use_connects":[],"orig_connects":[],"merge_connects":true,"use_blockers":[],"orig_run_at":"document-idle","orig_noframes":null}},"settings":{"enabled":false,"position":31},"meta":{"name":"含羞草研究所免费看","uuid":"04bb9745-e899-4597-9ebe-1cb8fe772ff2","modified":1684119233709,"file_url":"https://sleazyfork.org/scripts/456275-%E5%90%AB%E7%BE%9E%E8%8D%89%E7%A0%94%E7%A9%B6%E6%89%80%E5%85%8D%E8%B4%B9%E7%9C%8B/code/%E5%90%AB%E7%BE%9E%E8%8D%89%E7%A0%94%E7%A9%B6%E6%89%80%E5%85%8D%E8%B4%B9%E7%9C%8B.user.js"}}