{"options":{"check_for_updates":true,"comment":null,"compatopts_for_requires":true,"compat_wrappedjsobject":false,"compat_metadata":false,"compat_foreach":false,"compat_powerful_this":null,"sandbox":null,"noframes":null,"unwrap":null,"run_at":null,"tab_types":null,"override":{"use_includes":[],"orig_includes":[],"merge_includes":true,"use_matches":[],"orig_matches":["https://*.kmkk78.com/videoContent/*","https://*.kmkk79.com/videoContent/*","https://*.kmkk80.com/videoContent/*","https://*.kmkk81.com/videoContent/*","https://*.kmkk82.com/videoContent/*","https://*.kmkk83.com/videoContent/*","https://*/videoContent/*","https://*/play/video/*","https://*.hxaa83.com/*","https://*.hxaa84.com/*","https://*.hxaa85.com/*","https://*/playvideo/*","https://*/live/*","https://*/live","https://madou.bet/*","https://*.com/index","https://*.com/new","https://*.com/channel/videoList*","https://*.com/tags*","https://*.com/rankList","https://madou.tv/*","https://afkv28.com/*","https://afkv29.com/*","https://afkv30.com/*","https://*/videos/*","https://*/index/movie/play/id/*","https://kdt29.com/*","https://*/vip/index.html","https://*/vip/list-*.html","https://*/index/home.html","https://xtefv.xyz/*","https://xteez.xyz/*"],"merge_matches":true,"use_excludes":[],"orig_excludes":[],"merge_excludes":true,"use_connects":[],"orig_connects":[],"merge_connects":true,"use_blockers":[],"orig_run_at":"document-idle","orig_noframes":null}},"settings":{"enabled":false,"position":27},"meta":{"name":"快猫/红杏/含羞草/麻豆/AvPron/皇家会所/9sex/91TV/猫咪/小天鹅/破解VIP视频免费看","uuid":"f2f79a7f-a6a9-4302-a5f5-eabae608142d","modified":1683988773960,"file_url":"https://sleazyfork.org/scripts/456496-%E5%BF%AB%E7%8C%AB-%E7%BA%A2%E6%9D%8F-%E5%90%AB%E7%BE%9E%E8%8D%89-%E9%BA%BB%E8%B1%86-avpron-%E7%9A%87%E5%AE%B6%E4%BC%9A%E6%89%80-9sex-91tv-%E7%A0%B4%E8%A7%A3vip%E8%A7%86%E9%A2%91%E5%85%8D%E8%B4%B9%E7%9C%8B/code/%E5%BF%AB%E7%8C%AB%E7%BA%A2%E6%9D%8F%E5%90%AB%E7%BE%9E%E8%8D%89%E9%BA%BB%E8%B1%86AvPron%E7%9A%87%E5%AE%B6%E4%BC%9A%E6%89%809sex91TV%E7%A0%B4%E8%A7%A3VIP%E8%A7%86%E9%A2%91%E5%85%8D%E8%B4%B9%E7%9C%8B.user.js"}}