{"options":{"check_for_updates":false,"comment":"","compatopts_for_requires":true,"compat_wrappedjsobject":false,"compat_metadata":false,"compat_foreach":false,"compat_prototypes":false,"compat_powerful_this":null,"noframes":null,"unwrap":null,"run_at":null,"tab_types":null,"override":{"use_includes":["https://www.kmff3.com/*"],"orig_includes":["/^https://www.kmbb\\d+\\.com.+$/","/^https://www.kmbbb\\d+\\.com.+$/","/^https://h5.kmbb\\d+\\.com.+$/","/^https://h5.kmbbb\\d+\\.com.+$/"],"merge_includes":true,"use_matches":["https://www.kmff25.com/*"],"orig_matches":["http://re05.cc/*"],"merge_matches":true,"use_excludes":[],"orig_excludes":[],"merge_excludes":true,"use_connects":[],"orig_connects":[],"merge_connects":true,"use_blockers":[],"orig_run_at":"document-idle","orig_noframes":null}},"settings":{"enabled":false,"position":22},"meta":{"name":"快猫视频免费看","uuid":"00a0042f-e507-4fb6-a08d-880f2e50aa89","modified":1666878140005,"file_url":"https://sleazyfork.org/scripts/436546-%E5%BF%AB%E7%8C%AB%E8%A7%86%E9%A2%91%E5%85%8D%E8%B4%B9%E7%9C%8B/code/%E5%BF%AB%E7%8C%AB%E8%A7%86%E9%A2%91%E5%85%8D%E8%B4%B9%E7%9C%8B.user.js"}}