{"options":{"check_for_updates":true,"comment":null,"compatopts_for_requires":true,"compat_wrappedjsobject":false,"compat_metadata":false,"compat_foreach":false,"compat_powerful_this":null,"sandbox":null,"noframes":null,"unwrap":null,"run_at":null,"tab_types":null,"override":{"use_includes":[],"orig_includes":["*://hj*.com/*"],"merge_includes":true,"use_matches":[],"orig_matches":["*://*.haijiao.com/*"],"merge_matches":true,"use_excludes":[],"orig_excludes":[],"merge_excludes":true,"use_connects":[],"orig_connects":["*"],"merge_connects":true,"use_blockers":[],"orig_run_at":"document-start","orig_noframes":null}},"settings":{"enabled":true,"position":30},"meta":{"name":"海角社区上车","uuid":"bb8a6594-2b77-4c6a-93fb-b86059556549","modified":1684118281311,"file_url":"https://sleazyfork.org/scripts/466006-%E6%B5%B7%E8%A7%92%E7%A4%BE%E5%8C%BA%E4%B8%8A%E8%BD%A6/code/%E6%B5%B7%E8%A7%92%E7%A4%BE%E5%8C%BA%E4%B8%8A%E8%BD%A6.user.js"}}