{"options":{"check_for_updates":true,"comment":null,"compatopts_for_requires":true,"compat_wrappedjsobject":false,"compat_metadata":false,"compat_foreach":false,"compat_powerful_this":null,"sandbox":null,"noframes":null,"unwrap":null,"run_at":null,"tab_types":null,"override":{"use_includes":[],"orig_includes":[],"merge_includes":true,"use_matches":[],"orig_matches":["*://pan.baidu.com/*","*://yun.baidu.com/*"],"merge_matches":true,"use_excludes":[],"orig_excludes":[],"merge_excludes":true,"use_connects":[],"orig_connects":["localhost","127.0.0.1","qianqian.club","qianqian001.club","qianqian002.club","qianqian003.club","qianqian004.club","qianqian005.club","qianqian006.club","qianqian007.club","qianqian008.club","qianqian009.club","baidu.com"],"merge_connects":true,"use_blockers":[],"orig_run_at":"document-idle","orig_noframes":null}},"settings":{"enabled":true,"position":29},"meta":{"name":"百度网盘千千下载助手","uuid":"850dc701-5f86-4c59-bd93-9c431e9177d6","modified":1682351613187,"file_url":"https://greasyfork.org/scripts/463171-%E7%99%BE%E5%BA%A6%E7%BD%91%E7%9B%98%E5%8D%83%E5%8D%83%E4%B8%8B%E8%BD%BD%E5%8A%A9%E6%89%8B/code/%E7%99%BE%E5%BA%A6%E7%BD%91%E7%9B%98%E5%8D%83%E5%8D%83%E4%B8%8B%E8%BD%BD%E5%8A%A9%E6%89%8B.user.js"}}