{"ts":1667129650835,"data":{"CatPW_Manage":"o{\"StorageSave\": true,\"UpdataConfig\": {\"UpdataSave\": true,\"UpdataNotify\": true,\"UpdataPlugin\": true,\"UpdataVersion\": \"3.23.35.3\"},\"StorageExp\": 365}","CatPW":"o{\"date\": \"2022/10/30\",\"sCode\": \"\",\"unPW\": \"\",\"Src\": \"https://pan.baidu.com/s/1kVgPgUj\",\"surl\": \"\",\"Hash\": \"#qtr5\",\"webSrc\": \"https%3A%2F%2Fgreasyfork.org%2Fzh-CN%2Fscripts%2F29762-%25E7%25BD%2591%25E7%259B%2598%25E8%2587%25AA%25E5%258A%25A8%25E5%25A1%25AB%25E5%2586%2599%25E8%25AE%25BF%25E9%2597%25AE%25E7%25A0%2581-%25E5%25A8%2581%25E5%258A%259B%25E5%258A%25A0%25E5%25BC%25BA%25E7%2589%2588%2Fdiscussions%2F146994\",\"webTitle\": \"%E7%BD%91%E7%9B%98%E8%87%AA%E5%8A%A8%E5%A1%AB%E5%86%99%E8%AE%BF%E9%97%AE%E7%A0%81%E3%80%90%E5%A8%81%E5%8A%9B%E5%8A%A0%E5%BC%BA%E7%89%88%E3%80%91%20-%20%E5%8F%8D%E9%A6%88\"}"}}