{"options":{"check_for_updates":true,"comment":null,"compatopts_for_requires":true,"compat_wrappedjsobject":false,"compat_metadata":false,"compat_foreach":false,"compat_powerful_this":null,"sandbox":null,"noframes":null,"unwrap":null,"run_at":null,"tab_types":null,"override":{"use_includes":[],"orig_includes":["http://*","https://*"],"merge_includes":true,"use_matches":[],"orig_matches":[],"merge_matches":true,"use_excludes":[],"orig_excludes":["https://*.12315.cn","http*://*.pcs.baidu.com/*","http*://*.baidupcs.com/*","http*://*:8666/file/*","http*://*.baidu.com/file/*","http*://index.baidu.com/*","http*://*.gov/*","http*://*.gov.cn/*","http*://*.taobao.com/*","http*://*.tmall.com/*","http*://*.alimama.com/*","http*://*.jd.com/*","http*://*.zol.com.cn/*","http*://*.ctrip.com/*","http*://*.evernote.com/*","http*://*.yinxiang.com/*","http*://mail.*","http*://ping.*","http*://whois.*","http*://inbox.google.com/*","https://www.12377.cn/*","/^https?://(localhost|10\\.|192\\.|127\\.)/","/https?://www.baidu.com/(?:s|baidu)\\?/","http*://www.zhihu.com/question/*/answers/created","https://caiyun.feixin.10086.cn/portal/index.jsp#myfile*"],"merge_excludes":true,"use_connects":[],"orig_connects":["agefans.tv"],"merge_connects":true,"use_blockers":[],"orig_run_at":"document-idle","orig_noframes":true}},"settings":{"enabled":false,"position":18},"meta":{"name":"网盘自动填写访问码【威力加强版】","uuid":"9227a999-1cb0-4fe6-85ed-23eb8d19970c","modified":1666876389764,"file_url":"https://greasyfork.org/scripts/29762-%E7%BD%91%E7%9B%98%E8%87%AA%E5%8A%A8%E5%A1%AB%E5%86%99%E8%AE%BF%E9%97%AE%E7%A0%81-%E5%A8%81%E5%8A%9B%E5%8A%A0%E5%BC%BA%E7%89%88/code/%E7%BD%91%E7%9B%98%E8%87%AA%E5%8A%A8%E5%A1%AB%E5%86%99%E8%AE%BF%E9%97%AE%E7%A0%81%E3%80%90%E5%A8%81%E5%8A%9B%E5%8A%A0%E5%BC%BA%E7%89%88%E3%80%91.user.js"}}