{"options":{"check_for_updates":true,"comment":null,"compatopts_for_requires":true,"compat_wrappedjsobject":false,"compat_metadata":false,"compat_foreach":false,"compat_prototypes":false,"compat_powerful_this":null,"noframes":null,"unwrap":null,"run_at":null,"tab_types":null,"override":{"use_includes":[],"orig_includes":["https://movie.douban.com/*","https://music.douban.com/*","https://book.douban.com/*","https://bangumi.moe/search/title*","https://desitorrents.tv/*","https://v.dsb.ink/*","http://www.x5v.net/*"],"merge_includes":true,"use_matches":[],"orig_matches":[],"merge_matches":true,"use_excludes":[],"orig_excludes":[],"merge_excludes":true,"use_connects":[],"orig_connects":["*"],"merge_connects":true,"use_blockers":[],"orig_run_at":"document-end","orig_noframes":null}},"settings":{"enabled":false,"position":11},"meta":{"name":"豆瓣资源下载大师：1秒搞定豆瓣电影|音乐|图书下载","uuid":"2261d27f-fd46-46ce-83ee-ca0e92325198","modified":1655040970493,"file_url":"https://greasyfork.org/scripts/329484-%E8%B1%86%E7%93%A3%E8%B5%84%E6%BA%90%E4%B8%8B%E8%BD%BD%E5%A4%A7%E5%B8%88-1%E7%A7%92%E6%90%9E%E5%AE%9A%E8%B1%86%E7%93%A3%E7%94%B5%E5%BD%B1-%E9%9F%B3%E4%B9%90-%E5%9B%BE%E4%B9%A6%E4%B8%8B%E8%BD%BD/code/%E8%B1%86%E7%93%A3%E8%B5%84%E6%BA%90%E4%B8%8B%E8%BD%BD%E5%A4%A7%E5%B8%88%EF%BC%9A1%E7%A7%92%E6%90%9E%E5%AE%9A%E8%B1%86%E7%93%A3%E7%94%B5%E5%BD%B1%7C%E9%9F%B3%E4%B9%90%7C%E5%9B%BE%E4%B9%A6%E4%B8%8B%E8%BD%BD.user.js"}}