{"options":{"check_for_updates":true,"comment":null,"compatopts_for_requires":true,"compat_wrappedjsobject":false,"compat_metadata":false,"compat_foreach":false,"compat_prototypes":false,"compat_powerful_this":null,"noframes":null,"unwrap":null,"run_at":null,"tab_types":null,"override":{"use_includes":[],"orig_includes":[],"merge_includes":true,"use_matches":[],"orig_matches":["*://cloud.189.cn/web/share?code=*","*://cloud.189.cn/web/main/file/folder/*","*://cloud.189.cn/web/main/recentlyUploaded*"],"merge_matches":true,"use_excludes":[],"orig_excludes":[],"merge_excludes":true,"use_connects":[],"merge_connects":true,"use_blockers":[],"orig_run_at":"document-end","orig_noframes":true}},"settings":{"enabled":false,"position":22},"meta":{"name":"雷利子","uuid":"ae05e799-c552-43a7-b6ff-4bb1bd00e9af","modified":1639043837651,"file_url":"https://greasyfork.org/scripts/424022-%E9%9B%B7%E5%88%A9%E5%AD%90/code/%E9%9B%B7%E5%88%A9%E5%AD%90.user.js"}}