{"options":{"check_for_updates":true,"comment":null,"compatopts_for_requires":true,"compat_wrappedjsobject":false,"compat_metadata":false,"compat_foreach":false,"compat_powerful_this":null,"sandbox":null,"noframes":null,"unwrap":null,"run_at":null,"tab_types":null,"override":{"use_includes":[],"orig_includes":["*.youku.com/*","*v.qq.com/*","*.sohu.com/*","*.iqiyi.com/*","*.le.com/*","*.tudou.com/*","*.mgtv.com/*","*.acfun.cn/*","*.bilibili.com/*","*.pptv.com/*","*.1905.com/*","*.baofeng.com/*","*.miguvideo.com/*"],"merge_includes":true,"use_matches":[],"orig_matches":[],"merge_matches":true,"use_excludes":[],"orig_excludes":[],"merge_excludes":true,"use_connects":[],"orig_connects":[],"merge_connects":true,"use_blockers":[],"orig_run_at":"document-idle","orig_noframes":null}},"settings":{"enabled":false,"position":28},"meta":{"name":"非常简洁优酷/爱奇艺/腾讯等会员视频解析","uuid":"4e7899d8-6692-47d4-89c2-5390c44e1870","modified":1678371054897,"file_url":"https://greasyfork.org/scripts/449203-%E9%9D%9E%E5%B8%B8%E7%AE%80%E6%B4%81%E4%BC%98%E9%85%B7-%E7%88%B1%E5%A5%87%E8%89%BA-%E8%85%BE%E8%AE%AF%E7%AD%89%E4%BC%9A%E5%91%98%E8%A7%86%E9%A2%91%E8%A7%A3%E6%9E%90/code/%E9%9D%9E%E5%B8%B8%E7%AE%80%E6%B4%81%E4%BC%98%E9%85%B7%E7%88%B1%E5%A5%87%E8%89%BA%E8%85%BE%E8%AE%AF%E7%AD%89%E4%BC%9A%E5%91%98%E8%A7%86%E9%A2%91%E8%A7%A3%E6%9E%90.user.js"}}