{"ts":1654775426398,"data":{"useDefaultDanmakuSettings":"bfalse","enableDanmaku":"btrue","rememberDanmakuSettings":"bfalse","danmakuSettings":"o{\"subtitlesPreserve\":false,\"smartMask\":false}","autoContinue":"bfalse","useDefaultVideoQuality":"bfalse","autoPlay":"bfalse","favoritesRedirect":"bfalse","compactLayout":"bfalse","hideOldEntry":"bfalse","guiSettings":"btrue","viewCover":"btrue","notifyNewVersion":"btrue","clearCache":"btrue","downloadVideo":"btrue","enableDashDownload":"btrue","downloadDanmaku":"btrue","downloadSubtitle":"btrue","downloadAudio":"btrue","downloadLiveRecords":"btrue","medalHelper":"btrue","playerLayout":"bfalse","forceWide":"bfalse","useNewStyle":"bfalse","overrideNavBar":"bfalse","touchVideoPlayerAnimation":"bfalse","allNavbarFill":"bfalse","showDeadVideoTitle":"bfalse","blurVideoControl":"bfalse","oldTweets":"bfalse","customNavbarCompact":"bfalse","watchlaterExpireWarnings":"bfalse","latestVersionLink":"shttps://cdn.jsdelivr.net/gh/the1812/Bilibili-Evolved@master/bilibili-evolved.user.js","currentVersion":"s1.12.22","useDarkStyle":"bfalse","hideBanner":"bfalse","expandDanmakuList":"bfalse","expandDescription":"btrue","watchLaterRedirect":"btrue","touchNavBar":"bfalse","touchVideoPlayer":"bfalse","customControlBackgroundOpacity":"n0.64","customControlBackground":"bfalse","darkScheduleStart":"s18:00","darkScheduleEnd":"s6:00","darkSchedule":"bfalse","toast":"btrue","fullTweetsTitle":"btrue","fullPageTitle":"bfalse","removeVideoTopMask":"bfalse","removeLiveWatermark":"btrue","harunaScale":"bfalse","removeAds":"btrue","showBlockedAdsTip":"bfalse","hideTopSearch":"bfalse","touchVideoPlayerDoubleTapControl":"bfalse","customStyleColor":"s#00A0D8","preserveRank":"btrue","blurBackgroundOpacity":"n0.382","useDefaultPlayerMode":"bfalse","applyPlayerModeOnPlay":"btrue","defaultPlayerMode":"s宽屏","defaultVideoQuality":"s自动","defaultPlayerLayout":"s新版","defaultBangumiLayout":"s新版","skipChargeList":"bfalse","comboLike":"bfalse","autoLightOff":"bfalse","useCache":"btrue","allowJumpContinue":"bfalse","airborne":"btrue","deadVideoTitleProvider":"s稍后再看","useBiliplusRedirect":"bfalse","biliplusRedirect":"bfalse","framePlayback":"btrue","useCommentStyle":"btrue","imageResolution":"bfalse","imageResolutionScale":"sauto","toastInternalError":"bfalse","i18n":"bfalse","i18nLanguage":"s日本語","playerFocus":"bfalse","playerFocusOffset":"n-10","simplifyLiveroom":"btrue","simplifyLiveroomSettings":"o{\"vip\":true,\"fansMedal\":true,\"title\":true,\"userLevel\":true,\"guard\":true,\"emoticons\":true,\"systemMessage\":true,\"welcomeMessage\":true,\"giftMessage\":true,\"guardPurchase\":true,\"giftPanel\":true,\"headerPanel\":false,\"kanban\":true,\"userEffect\":true,\"eventsBanner\":true,\"rankList\":false,\"popup\":true,\"pk\":false,\"topRank\":true,\"skin\":false}","customNavbar":"btrue","customNavbarFill":"bfalse","customNavbarTransparent":"btrue","customNavbarShadow":"btrue","customNavbarBlur":"bfalse","customNavbarBlurOpacity":"n0.7","customNavbarOrder":"o{\"blank1\":0,\"logo\":1,\"category\":2,\"rankingLink\":3,\"drawingLink\":4,\"bangumiLink\":5,\"musicLink\":6,\"gamesIframe\":7,\"livesIframe\":8,\"matchLink\":9,\"shopLink\":10,\"mangaLink\":11,\"mangaIframe\":12,\"blank2\":13,\"search\":14,\"blank3\":15,\"userInfo\":16,\"messages\":17,\"activities\":18,\"bangumi\":19,\"watchlaterList\":20,\"favoritesList\":21,\"historyList\":22,\"upload\":23,\"darkMode\":24}","customNavbarHidden":"o[\"blank1\",\"drawingLink\",\"musicLink\",\"gamesIframe\",\"darkMode\"]","customNavbarBoundsPadding":"n10","customNavbarGlobalFixed":"bfalse","playerShadow":"bfalse","narrowDanmaku":"btrue","outerWatchlater":"bfalse","videoScreenshot":"bfalse","hideBangumiReviews":"bfalse","filenameFormat":"s[title][ - ep]","batchFilenameFormat":"s[n - ][ep]","sideBarOffset":"n0","noLiveAutoplay":"btrue","hideHomeLive":"btrue","noMiniVideoAutoplay":"bfalse","useDefaultVideoSpeed":"bfalse","defaultVideoSpeed":"s1.0","hideCategory":"bfalse","foldComment":"btrue","downloadVideoDefaultDanmaku":"s无","downloadVideoDefaultSubtitle":"s无","aria2RpcOption":"o{\"secretKey\":\"\",\"dir\":\"\",\"host\":\"127.0.0.1\",\"port\":\"6800\",\"method\":\"get\",\"other\":\"\"}","aria2RpcOptionSelectedProfile":"s","aria2RpcOptionProfiles":"o[{\"name\":\"未命名\",\"secretKey\":\"\",\"dir\":\"\",\"host\":\"127.0.0.1\",\"port\":\"6800\",\"method\":\"get\",\"other\":\"\"}]","searchHistory":"o[]","seedsToCoins":"bfalse","autoSeedsToCoins":"bfalse","lastSeedsToCoinsDate":"n0","autoDraw":"btrue","keymap":"bfalse","doubleClickFullscreen":"bfalse","doubleClickFullscreenPreventSingleClick":"bfalse","simplifyHome":"bfalse","simplifyHomeStyle":"s极简","minimalHomeSettings":"o{\"showSearch\":true,\"backgroundImage\":\"\"}","ajaxHook":"bfalse","scriptLoadingMode":"s延后(自动)","scriptDownloadMode":"sbundle","guiSettingsDockSide":"s左侧","fullActivityContent":"btrue","feedsFilter":"bfalse","feedsFilterPatterns":"o[]","feedsFilterTypes":"o[]","feedsSpecialFilterTypes":"o[]","feedsFilterSideCards":"o[]","activityImageSaver":"bfalse","scriptBlockPatterns":"o[]","customNavbarSeasonLogo":"bfalse","selectableColumnText":"btrue","downloadVideoFormat":"sflv","downloadVideoDashCodec":"sAVC/H.264","watchlaterExpireWarningDays":"n14","superchatTranslate":"bfalse","miniPlayerTouchMove":"bfalse","hideBangumiSponsors":"bfalse","hideRecommendLive":"btrue","hideRelatedVideos":"btrue","defaultMedalID":"n0","autoMatchMedal":"bfalse","customStyles":"o[]","simpleHomeCategoryOrders":"o{\"anime\": 0,\"bangumi\": 1,\"china\": 2,\"music\": 3,\"dance\": 4,\"game\": 5,\"knowledge\": 6,\"tech\": 7,\"life\": 8,\"food\": 9,\"animal\": 10,\"kichiku\": 11,\"fashion\": 12,\"information\": 13,\"entertainment\": 14,\"movie\": 15,\"tv\": 16,\"film\": 17,\"documentary\": 18}","simpleHomeBangumiLayout":"s时间表","simpleHomeWheelScroll":"btrue","keymapJumpSeconds":"n85","urlParamsClean":"btrue","collapseLiveSideBar":"btrue","removeGameMatchModule":"bfalse","noDarkOnMember":"btrue","feedsTranslate":"bfalse","feedsTranslateProvider":"sBing","feedsTranslateLanguage":"s","commentsTranslate":"bfalse","downloadVideoQuality":"n80","defaultLiveQuality":"s原画","useDefaultLiveQuality":"bfalse","recordLiveDanmaku":"bfalse","foregroundColorMode":"s自动","preserveEventBanner":"bfalse","about":"btrue","bvidConvert":"btrue","fixedSidebars":"bfalse","updateCdn":"sjsDelivr","lastNewVersionCheck":"n1654769290951","newVersionCheckInterval":"n21600000","useDarkStyleAsUserStyle":"bfalse","darkColorScheme":"bfalse","autoHideSideBar":"bfalse","livePip":"btrue","extendFeedsLive":"btrue","userImages":"o[]","playerOnTop":"bfalse","restoreFloors":"bfalse","quickFavorite":"bfalse","quickFavoriteID":"n0","bilibiliSimpleNewHomeCompatible":"bfalse","preferAvUrl":"bfalse","disableFeedsDetails":"btrue","elegantScrollbar":"btrue","danmakuSendBar":"bfalse","watchLaterRedirectNavbar":"btrue","watchLaterRedirectPage":"btrue","showCoverBeforePlay":"bfalse","volumeOverdrive":"bfalse","seoJump":"btrue","copyFeedsLink":"bfalse","copyCommentLink":"bfalse","unfoldFeeds":"btrue","feedsImageExporter":"bfalse","columnImageExporter":"bfalse","downloadPackageEmitMode":"s打包下载","cache":"o{}","favoritesListCurrentSelect":"s默认收藏夹","homeHidden":"bfalse","homeHiddenItems":"o[]","rememberVideoSpeedList":"o{}","rememberVideoSpeed":"bfalse","extendVideoSpeed":"btrue","customKeyBindings":"o{}","alwaysShowDuration":"bfalse","expandDanmakuListIgnoreMediaList":"btrue","customNavbarShowDeadVideos":"bfalse","extendVideoSpeedList":"o[2.5,3]","menuRepeatVideo":"bfalse","removeGuidePopup":"btrue","liveSpeedBoost":"bfalse","checkInCenter":"bfalse","fullscreenGiftBox":"bfalse","keymapPreset":"sDefault","removeVideoPopup":"btrue","removeVotePopup":"bfalse","autoPlayControl":"bfalse","scrollOutPlayer":"bfalse","scrollOutPlayerTriggerPlace":"s视频中间","scrollOutPlayerAutoPause":"btrue","scrollOutPlayerAutoLightOn":"btrue","disableDanmakuHighlights":"bfalse","disableUpDanmakuStyle":"bfalse","simpleHomePersonalized":"bfalse","simpleHomeLayoutFill":"btrue","noNotifyV2":"bfalse"}}