{"options":{"check_for_updates":true,"comment":null,"compatopts_for_requires":true,"compat_wrappedjsobject":false,"compat_metadata":false,"compat_foreach":false,"compat_prototypes":false,"compat_powerful_this":null,"noframes":null,"unwrap":null,"run_at":null,"tab_types":null,"override":{"use_includes":[],"orig_includes":[],"merge_includes":true,"use_matches":[],"orig_matches":["*://*.bilibili.com/*"],"merge_matches":true,"use_excludes":[],"orig_excludes":["*://api.bilibili.com/*","*://api.*.bilibili.com/*","*://*.bilibili.com/api/*","*://member.bilibili.com/studio/bs-editor/*","*://t.bilibili.com/h5/dynamic/specification","*://bbq.bilibili.com/*","*://message.bilibili.com/pages/nav/header_sync","*://s1.hdslb.com/bfs/seed/jinkela/short/cols/iframe.html","*://open-live.bilibili.com/*"],"merge_excludes":true,"use_connects":[],"merge_connects":true,"use_blockers":[],"orig_run_at":"document-start","orig_noframes":null,"orig_connects":["raw.githubusercontent.com","github.com","cdn.jsdelivr.net","cn.bing.com","www.bing.com","translate.google.cn","translate.google.com","localhost","*"]}},"settings":{"enabled":true,"position":2},"meta":{"name":"Bilibili Evolved","uuid":"718a4ad0-5b8d-4611-91f4-da1197ca2a3c","modified":1655643262683,"file_url":"https://cdn.jsdelivr.net/gh/the1812/Bilibili-Evolved@master/dist/bilibili-evolved.user.js"}}