{"options":{"check_for_updates":true,"comment":null,"compatopts_for_requires":true,"compat_wrappedjsobject":false,"compat_metadata":false,"compat_foreach":false,"compat_powerful_this":null,"noframes":null,"unwrap":null,"run_at":null,"tab_types":null,"override":{"use_includes":[],"orig_includes":["*://*"],"merge_includes":true,"use_matches":[],"orig_matches":[],"merge_matches":true,"use_excludes":[],"orig_excludes":[],"merge_excludes":true,"use_connects":[],"orig_connects":[],"merge_connects":true,"use_blockers":[],"orig_run_at":"document-end","orig_noframes":null}},"settings":{"enabled":false,"position":8},"meta":{"name":"HTML5视频截图器","uuid":"95a3fdca-2f8b-459b-b620-3dee9f5df0ef","modified":1654353195054,"file_url":"https://greasyfork.org/scripts/370819-html5%E8%A7%86%E9%A2%91%E6%88%AA%E5%9B%BE%E5%99%A8/code/HTML5%E8%A7%86%E9%A2%91%E6%88%AA%E5%9B%BE%E5%99%A8.user.js"}}