{"ts":1654441660031,"data":{"pv-prefs":"s{\"floatBar.position\":\"top left\",\"floatBar.showDelay\":366,\"floatBar.hideDelay\":566,\"floatBar.forceShow.size.w\":50,\"floatBar.forceShow.size.h\":50,\"floatBar.minSizeLimit.w\":50,\"floatBar.minSizeLimit.h\":50,\"floatBar.sizeLimitOr\":false,\"floatBar.butonOrder\":\"actual, current, gallery, magnifier\",\"floatBar.listenBg\":true,\"floatBar.globalkeys.ctrl\":false,\"floatBar.globalkeys.alt\":false,\"floatBar.globalkeys.shift\":false,\"floatBar.globalkeys.command\":false,\"floatBar.globalkeys.type\":\"hold\",\"floatBar.globalkeys.invertInitShow\":false,\"floatBar.keys.enable\":false,\"floatBar.keys.actual\":\"a\",\"floatBar.keys.current\":\"c\",\"floatBar.keys.magnifier\":\"m\",\"floatBar.keys.gallery\":\"g\",\"magnifier.radius\":77,\"magnifier.wheelZoom.enabled\":true,\"magnifier.wheelZoom.range\":\"0.4, 0.5, 0.6, 0.7, 0.8, 0.9, 1, 1.1, 1.2, 1.3, 1.4, 1.5, 1.7, 1.9, 2, 2.5, 3, 4\",\"gallery.defaultSizeLimit.w\":200,\"gallery.defaultSizeLimit.h\":200,\"gallery.fitToScreen\":true,\"gallery.fitToScreenSmall\":false,\"gallery.scrollEndToChange\":true,\"gallery.exportType\":\"grid\",\"gallery.loadMore\":false,\"gallery.loadAll\":true,\"gallery.viewmoreEndless\":true,\"gallery.downloadWithZip\":false,\"gallery.scaleSmallSize\":250,\"gallery.showSmallSize\":true,\"gallery.transition\":true,\"gallery.sidebarPosition\":\"bottom\",\"gallery.sidebarSize\":120,\"gallery.max\":5,\"gallery.autoZoom\":true,\"gallery.descriptionLength\":32,\"gallery.viewmoreLayout\":\"0\",\"gallery.autoOpenViewmore\":false,\"gallery.autoOpenSites\":\"\",\"gallery.searchData\":\"Google | https://www.google.com/searchbyimage?image_url=#t#\\nYandex | https://yandex.com/images/search?source=collections&rpt=imageview&url=#t#\\nSauceNAO | https://saucenao.com/search.php?db=999&url=#t#\\nIQDB | https://iqdb.org/?url=#t#\\n3D IQDB | https://3d.iqdb.org/?url=#t#\\nBaidu | https://graph.baidu.com/details?isfromtusoupc=1&tn=pc&carousel=0&promotion_name=pc_image_shituindex&extUiData%5bisLogoShow%5d=1&image=#t#\\nBing | https://www.bing.com/images/search?view=detailv2&iss=sbi&form=SBIVSP&sbisrc=UrlPaste&q=imgurl:#t#\\nTinEye | https://www.tineye.com/search?url=#t#\\nSogou | https://pic.sogou.com/ris?query=#t#\\n360 | http://st.so.com/stu?imgurl=#t#\\nWhatAnime | https://trace.moe/?url=#t#\\nAscii2D | https://ascii2d.net/search/url/#t#\\nTrace Moe | https://trace.moe/?url=#t#\\nKarmaDecay | http://karmadecay.com/#t#\\nZXing QRCode | https://zxing.org/w/decode?full=true&u=#t#\\nImgOps | https://imgops.com/#b#\",\"imgWindow.fitToScreen\":false,\"imgWindow.suitLongImg\":true,\"imgWindow.close.defaultTool\":\"hand\",\"imgWindow.close.escKey\":true,\"imgWindow.close.dblClickImgWindow\":true,\"imgWindow.close.clickOutside\":\"\",\"imgWindow.overlayer.shown\":false,\"imgWindow.overlayer.color\":\"rgba(0,0,0,0.8)\",\"imgWindow.shiftRotateStep\":15,\"imgWindow.zoom.mouseWheelZoom\":true,\"imgWindow.zoom.range\":\"0.1, 0.2, 0.3, 0.4, 0.5, 0.6, 0.7, 0.8, 0.9, 1, 1.1, 1.2, 1.3, 1.4, 1.5, 1.7, 1.9, 2, 2.5, 3, 4\",\"waitImgLoad\":false,\"customLang\":\"auto\",\"debug\":false,\"customRules\":\"[\\n//{\\n//name: \\\"Google picture\\\",\\n//url: /https?://www.google(.w{1,3}){1,3}/search?.*/,\\n//getImage: function(a){\\n//},\\n//src: /avatar/i,\\n//r: /?.*$/i,\\n//s: ''\\n//}\\n]\"}","customLang":"sauto"}}