{"options":{"check_for_updates":true,"comment":null,"compatopts_for_requires":true,"compat_wrappedjsobject":false,"compat_metadata":false,"compat_foreach":false,"compat_prototypes":false,"compat_powerful_this":null,"noframes":null,"unwrap":null,"run_at":null,"tab_types":null,"override":{"use_includes":[],"orig_includes":[],"merge_includes":true,"use_matches":[],"orig_matches":["*://*.pornhub.com/view_video.php?viewkey=*","*://*.pornhubpremium.com/view_video.php?viewkey=*"],"merge_matches":true,"use_excludes":[],"orig_excludes":[],"merge_excludes":true,"use_connects":[],"merge_connects":true,"use_blockers":[],"orig_run_at":"document-idle","orig_noframes":null}},"settings":{"enabled":false,"position":17},"meta":{"name":"Pornhub 视频一键下载 | pornhub.com","uuid":"1ab8a87d-f463-4fc2-98df-cfe24dee0829","modified":1615376575170,"file_url":"https://sleazyfork.org/scripts/392449-pornhub-%E8%A7%86%E9%A2%91%E4%B8%80%E9%94%AE%E4%B8%8B%E8%BD%BD-pornhub-com/code/Pornhub%20%E8%A7%86%E9%A2%91%E4%B8%80%E9%94%AE%E4%B8%8B%E8%BD%BD%20%7C%20pornhubcom.user.js"}}