{"options":{"check_for_updates":true,"comment":null,"compatopts_for_requires":true,"compat_wrappedjsobject":false,"compat_metadata":false,"compat_foreach":false,"compat_prototypes":false,"compat_powerful_this":null,"noframes":null,"unwrap":null,"run_at":null,"tab_types":null,"override":{"use_includes":[],"orig_includes":[],"merge_includes":true,"use_matches":[],"orig_matches":["*://y.qq.com/*","*://music.163.com/*","http://lab.liumingye.cn/api/login.php"],"merge_matches":true,"use_excludes":[],"orig_excludes":[],"merge_excludes":true,"use_connects":[],"merge_connects":true,"use_blockers":[],"orig_run_at":"document-end","orig_noframes":null}},"settings":{"enabled":false,"position":9},"meta":{"name":"QQ音乐付费无损音乐免费下载","uuid":"b341d862-32a6-4c0b-98bc-750d4b9467a8","modified":1622124061204,"file_url":"https://greasyfork.org/scripts/400423-qq%E7%BD%91%E6%98%93%E4%BA%91%E9%9F%B3%E4%B9%90%E4%BB%98%E8%B4%B9%E6%97%A0%E6%8D%9F%E9%9F%B3%E4%B9%90%E5%85%8D%E8%B4%B9%E4%B8%8B%E8%BD%BD/code/QQ%E7%BD%91%E6%98%93%E4%BA%91%E9%9F%B3%E4%B9%90%E4%BB%98%E8%B4%B9%E6%97%A0%E6%8D%9F%E9%9F%B3%E4%B9%90%E5%85%8D%E8%B4%B9%E4%B8%8B%E8%BD%BD.user.js"}}