{"options":{"check_for_updates":true,"comment":null,"compatopts_for_requires":true,"compat_wrappedjsobject":false,"compat_metadata":false,"compat_foreach":false,"compat_prototypes":false,"compat_powerful_this":null,"noframes":null,"unwrap":null,"run_at":null,"tab_types":null,"override":{"use_includes":[],"orig_includes":["*"],"merge_includes":true,"use_matches":[],"orig_matches":[],"merge_matches":true,"use_excludes":[],"orig_excludes":[],"merge_excludes":true,"use_connects":[],"merge_connects":true,"use_blockers":[],"orig_run_at":"document-end","orig_noframes":true}},"settings":{"enabled":false,"position":15},"meta":{"name":"Userscript+ : Show Site All UserJS","uuid":"b9b85f4d-24a0-470c-8dd3-18b536f933d4","modified":1628002413675,"file_url":"https://greasyfork.org/scripts/24508-userscript-show-site-all-userjs/code/Userscript+%20:%20Show%20Site%20All%20UserJS.user.js"}}