{"options":{"check_for_updates":true,"comment":null,"compatopts_for_requires":true,"compat_wrappedjsobject":false,"compat_metadata":false,"compat_foreach":false,"compat_prototypes":false,"compat_powerful_this":null,"noframes":null,"unwrap":null,"run_at":null,"tab_types":null,"override":{"use_includes":[],"orig_includes":["/^https://www.hxcbb\\d+\\.com.+$/","/^https://h5.hxcbb\\d+\\.com.+$/","/^http://www.hxcbb\\d+\\.com.+$/","/^http://h5.hxcbb\\d+\\.com.+$/","/^https://www.hxcpp\\d+\\.com.+$/","/^https://h5.hxcpp\\d+\\.com.+$/","/^http://www.hxcpp\\d+\\.com.+$/","/^http://h5.hxcpp\\d+\\.com.+$/","/^https://www.fi11sm\\d+\\.com.+$/","/^https://h5.fi11sm\\d+\\.com.+$/"],"merge_includes":true,"use_matches":["https://www.hxcbb122.com/*","https://www.hxcpp122.com/*"],"orig_matches":["https://www.hxcbb101.com/*","https://h5.hxcbb101.com/*","https://fi11.com/*","https://fi11.cn/*"],"merge_matches":true,"use_excludes":[],"orig_excludes":[],"merge_excludes":true,"use_connects":[],"orig_connects":[],"merge_connects":true,"use_blockers":[],"orig_run_at":"document-idle","orig_noframes":null}},"settings":{"enabled":false,"position":35},"meta":{"name":"含羞草研究所免费看","uuid":"b63a07da-a5b7-4890-b12d-99294a866a51","modified":1655134783765,"file_url":"https://sleazyfork.org/scripts/443268-%E5%90%AB%E7%BE%9E%E8%8D%89%E7%A0%94%E7%A9%B6%E6%89%80%E5%85%8D%E8%B4%B9%E7%9C%8B/code/%E5%90%AB%E7%BE%9E%E8%8D%89%E7%A0%94%E7%A9%B6%E6%89%80%E5%85%8D%E8%B4%B9%E7%9C%8B.user.js"}}