{"options":{"check_for_updates":true,"comment":null,"compatopts_for_requires":true,"compat_wrappedjsobject":false,"compat_metadata":false,"compat_foreach":false,"compat_prototypes":false,"compat_powerful_this":null,"noframes":null,"unwrap":null,"run_at":null,"tab_types":null,"override":{"use_includes":[],"orig_includes":[],"merge_includes":true,"use_matches":[],"orig_matches":["*://vip.1905.com/*","*://*.acfun.cn/*","*://*.iqiyi.com/*","*://*.bilibili.com/*","*://fun.tv/*","*://*.fun.tv/*","*://*.wasu.cn/*lay/*","*://*.wasu.cn/wap/*lay/*","*://*.le.com/*","*://*.mgtv.com/*","*://*.miguvideo.com/*","*://*.pptv.com/*","*://*.tv.sohu.com/v*","*://film.sohu.com/album/*","*://v.qq.com/x/*","*://v.qq.com/*/p/topic/*/*.html","*://m.v.qq.com/*","*://3g.v.qq.com/*","*://*.tudou.com/*","*://*.ixigua.com/*","*://*.youku.com/*"],"merge_matches":true,"use_excludes":[],"orig_excludes":[],"merge_excludes":true,"use_connects":[],"orig_connects":[],"merge_connects":true,"use_blockers":[],"orig_run_at":"document-idle","orig_noframes":null}},"settings":{"enabled":false,"position":14},"meta":{"name":"杀佛观音·全网VIP视频破解免费看·全网最全非VIP视频去广告·极简版","uuid":"f0dd0051-77a8-43b5-9e22-0cc66fb457f0","modified":1654010584241,"file_url":"https://greasyfork.org/scripts/429245-%E6%9D%80%E4%BD%9B%E8%A7%82%E9%9F%B3-%E5%85%A8%E7%BD%91vip%E8%A7%86%E9%A2%91%E7%A0%B4%E8%A7%A3%E5%85%8D%E8%B4%B9%E7%9C%8B-%E5%85%A8%E7%BD%91%E6%9C%80%E5%85%A8%E9%9D%9Evip%E8%A7%86%E9%A2%91%E5%8E%BB%E5%B9%BF%E5%91%8A-%E6%9E%81%E7%AE%80%E7%89%88/code/%E6%9D%80%E4%BD%9B%E8%A7%82%E9%9F%B3%C2%B7%E5%85%A8%E7%BD%91VIP%E8%A7%86%E9%A2%91%E7%A0%B4%E8%A7%A3%E5%85%8D%E8%B4%B9%E7%9C%8B%C2%B7%E5%85%A8%E7%BD%91%E6%9C%80%E5%85%A8%E9%9D%9EVIP%E8%A7%86%E9%A2%91%E5%8E%BB%E5%B9%BF%E5%91%8A%C2%B7%E6%9E%81%E7%AE%80%E7%89%88.user.js"}}