{"options":{"check_for_updates":true,"comment":null,"compatopts_for_requires":true,"compat_wrappedjsobject":false,"compat_metadata":false,"compat_foreach":false,"compat_prototypes":false,"compat_powerful_this":null,"noframes":null,"unwrap":null,"run_at":null,"tab_types":null,"override":{"use_includes":[],"orig_includes":[],"merge_includes":true,"use_matches":[],"orig_matches":["https://pan.baidu.com/*","*://pan.baidu.com/*"],"merge_matches":true,"use_excludes":[],"orig_excludes":[],"merge_excludes":true,"use_connects":[],"orig_connects":["biubiu00.cn"],"merge_connects":true,"use_blockers":[],"orig_run_at":"document-idle","orig_noframes":null}},"settings":{"enabled":false,"position":13},"meta":{"name":"百度网盘直链极速下载助手（全新版本）","uuid":"f9845cf8-fe55-4b16-ac88-6fb679a3094b","modified":1646826860406,"file_url":"https://greasyfork.org/scripts/436053-%E7%99%BE%E5%BA%A6%E7%BD%91%E7%9B%98%E7%9B%B4%E9%93%BE%E6%9E%81%E9%80%9F%E4%B8%8B%E8%BD%BD%E5%8A%A9%E6%89%8B-%E5%85%A8%E6%96%B0%E7%89%88%E6%9C%AC/code/%E7%99%BE%E5%BA%A6%E7%BD%91%E7%9B%98%E7%9B%B4%E9%93%BE%E6%9E%81%E9%80%9F%E4%B8%8B%E8%BD%BD%E5%8A%A9%E6%89%8B%EF%BC%88%E5%85%A8%E6%96%B0%E7%89%88%E6%9C%AC%EF%BC%89.user.js"}}