{"options":{"check_for_updates":true,"comment":null,"compatopts_for_requires":true,"compat_wrappedjsobject":false,"compat_metadata":false,"compat_foreach":false,"compat_powerful_this":null,"noframes":null,"unwrap":null,"run_at":null,"tab_types":null,"override":{"use_includes":[],"orig_includes":[],"merge_includes":true,"use_matches":[],"orig_matches":["https://baike.baidu.com/pic/*","https://baike.baidu.com/picture/*","https://baike.baidu.com/historypic/*","https://baike.baidu.com/picview/history/*","https://bkimg.cdn.bcebos.com/pic/*","http://bkimg.cdn.bcebos.com/pic/*"],"merge_matches":true,"use_excludes":[],"orig_excludes":[],"merge_excludes":true,"use_connects":[],"merge_connects":true,"use_blockers":[],"orig_run_at":"document-end","orig_noframes":null,"orig_connects":[]}},"settings":{"enabled":true,"position":3},"meta":{"name":"百度百科 - 将图片改为无水印版本","uuid":"7c3163f7-6736-4587-899a-c19b08801aa6","modified":1651047220655,"file_url":"https://greasyfork.org/scripts/387058-%E7%99%BE%E5%BA%A6%E7%99%BE%E7%A7%91-%E5%B0%86%E5%9B%BE%E7%89%87%E6%94%B9%E4%B8%BA%E6%97%A0%E6%B0%B4%E5%8D%B0%E7%89%88%E6%9C%AC/code/%E7%99%BE%E5%BA%A6%E7%99%BE%E7%A7%91%20-%20%E5%B0%86%E5%9B%BE%E7%89%87%E6%94%B9%E4%B8%BA%E6%97%A0%E6%B0%B4%E5%8D%B0%E7%89%88%E6%9C%AC.user.js"}}