{"ts":1654352884410,"data":{"CatPW_Manage":"o{\"StorageSave\": true,\"UpdataConfig\": {\"UpdataSave\": true,\"UpdataNotify\": true,\"UpdataPlugin\": true,\"UpdataVersion\": \"3.23.35.2\"},\"StorageExp\": 365}","CatPW":"o{\"date\": \"2022/4/30\",\"sCode\": \"\",\"unPW\": \"\",\"Src\": \"https://423down.lanzouo.com/b0f1ada0f\",\"surl\": \"\",\"Hash\": \"\",\"webSrc\": \"https%3A%2F%2Fwww.423down.com%2F8718.html\",\"webTitle\": \"%E5%BE%AE%E4%BF%A1Windows%E7%89%88%20v3.6.5.16%20%E5%A4%9A%E5%BC%80%E6%B6%88%E6%81%AF%E9%98%B2%E6%92%A4%E5%9B%9E%E7%89%88%20-%20423Down\"}"}}