{"options":{"check_for_updates":true,"comment":null,"compatopts_for_requires":true,"compat_wrappedjsobject":false,"compat_metadata":false,"compat_foreach":false,"compat_prototypes":false,"compat_powerful_this":null,"noframes":null,"unwrap":null,"run_at":null,"tab_types":null,"override":{"use_includes":[],"orig_includes":[],"merge_includes":true,"use_matches":[],"orig_matches":["*://*.twitter.com/*","*://*.youtube.com/*","*://*.facebook.com/*","*://*.reddit.com/*","*://*.5ch.net/*","*://*.discord.com/*","*://*.telegram.org/*"],"merge_matches":true,"use_excludes":[],"orig_excludes":[],"merge_excludes":true,"use_connects":["google.com","baidu.com"],"orig_connects":["fanyi.baidu.com","translate.google.com","fy.iciba.com","cn.bing.com","fanyi.youdao.com","m.youdao.com","api.interpreter.caiyunai.com","papago.naver.com","fanyi.qq.com"],"merge_connects":true,"use_blockers":[],"orig_run_at":"document-body","orig_noframes":null}},"settings":{"enabled":true,"position":29},"meta":{"name":"翻译机","uuid":"dc9ed874-520c-4c69-9e93-6aa974225dc4","modified":1653048484066,"file_url":"https://greasyfork.org/scripts/378277-%E7%BF%BB%E8%AF%91%E6%9C%BA/code/%E7%BF%BB%E8%AF%91%E6%9C%BA.user.js"}}