{"options":{"check_for_updates":true,"comment":null,"compatopts_for_requires":true,"compat_wrappedjsobject":false,"compat_metadata":false,"compat_foreach":false,"compat_prototypes":false,"compat_powerful_this":null,"noframes":null,"unwrap":null,"run_at":null,"tab_types":null,"override":{"use_includes":[],"orig_includes":[],"merge_includes":true,"use_matches":[],"orig_matches":["https://*.csdn.net/*","*://*.github.io/*","*://*.jianshu.com/p/*","*://m.sohu.com/a/*","*://*.xz577.com/*","*://*.javascriptcn.com/*","*://*.baidu.com/*","*://*.iteye.com/*","*://*.720ui.com/*","*://*.goodreads.com/book/show/*","*://www.wukong.com/question/*","*://cloud.tencent.com/*","*://m.leju.com/*","*://*.didispace.com/*","*://*.sina.cn/*","*://*.toutiao.com/*","*://weibo.com/ttarticle/p/show*","*://card.weibo.com/article/m/show/id/*","*://3g.163.com/*","*://*.*.163.com/news/*","*://*.inews.qq.com/*","*://*.36kr.com/p/*","*://*.elecfans.com/*","*://inews.qq.com/*","*://xw.qq.com/*","*://blog.51cto.com/*","*://*.zhihu.com/question/*","*://*.guokr.com/*","*://*.awesomes.cn/*","*://*.javazhiyin.com/*","*://m.hupu.com/bbs/*","*://bugstack.cn/md/*","*://wap.peopleapp.com/article/*","*://jingyan.baidu.com/article/*","*://*.ifeng.com/c/*","*://*.360doc.com/content/*","*://www.hi-linux.com/posts/*"],"merge_matches":true,"use_excludes":[],"orig_excludes":["https://www.baidu.com/*","*://tieba.baidu.com/*","*://pan.baidu.com/*"],"merge_excludes":true,"use_connects":[],"orig_connects":[],"merge_connects":true,"use_blockers":[],"orig_run_at":"document-idle","orig_noframes":null}},"settings":{"enabled":true,"position":26},"meta":{"name":"阅读全文、自动展开全文、自动移除万恶弹框","uuid":"77c6d891-a7d9-4e1f-a098-79251abbef92","modified":1646712010922,"file_url":"https://greasyfork.org/scripts/414010-%E9%98%85%E8%AF%BB%E5%85%A8%E6%96%87-%E8%87%AA%E5%8A%A8%E5%B1%95%E5%BC%80%E5%85%A8%E6%96%87-%E8%87%AA%E5%8A%A8%E7%A7%BB%E9%99%A4%E4%B8%87%E6%81%B6%E5%BC%B9%E6%A1%86/code/%E9%98%85%E8%AF%BB%E5%85%A8%E6%96%87%E3%80%81%E8%87%AA%E5%8A%A8%E5%B1%95%E5%BC%80%E5%85%A8%E6%96%87%E3%80%81%E8%87%AA%E5%8A%A8%E7%A7%BB%E9%99%A4%E4%B8%87%E6%81%B6%E5%BC%B9%E6%A1%86.user.js"}}